name_zh,name_en,address_zh,address_en,lat,lng,google_maps_url,transit_zh,parking_zh,accessibility_zh,capacity,surface,operator,source_url,retrieved_at,confidence,notes
台中西屯足球場,,臺中市西屯區朝馬路520號,,,,https://www.google.com/maps/search/?api=1&query=%E5%8F%B0%E4%B8%AD%E8%A5%BF%E5%B1%AF%E8%B6%B3%E7%90%83%E5%A0%B4%20%E8%87%BA%E4%B8%AD%E5%B8%82%E8%A5%BF%E5%B1%AF%E5%8D%80%E6%9C%9D%E9%A6%AC%E8%B7%AF520%E8%99%9F,,,,,人工草（天然軟木塞顆粒填充，FIFA Quality Pro）,臺中市政府運動局,https://www.ctfa.com.tw/2026-a/playground/67/69.html | https://www.ctfa.com.tw/tournament/u12-tournamnet/juvenile-cup/7574-2025-b.html | https://www.taichung.gov.tw/8868/8872/9962/2783560/post,2026-10-03,high,台中FUTURO、台中磐石主場。CTFA場地頁無詳細資料；地址取自CTFA 2025少年盃公告；場地規格、2024-10-17啟用取自臺中市政府新聞。管理單位依市府運動局管理規定頁面（先前蒐集）。容量查無官方資料（維基百科寫200，僅線索，未採用）。交通、停車、無障礙查無資料。注意：與2021年啟用的8人制「西屯足球場」不同；CTFA賽程PDF寫「西屯足球場」，JoomLeague寫「台中西屯足球場」。座標查無可靠來源（OSM比對結果不明確）。google_maps_url為依名稱＋地址組成的Google地圖搜尋連結，非人工核對過的定位點。
太原足球場,,臺中市北屯區建軍一街6-8號,,,,https://www.google.com/maps/search/?api=1&query=%E5%A4%AA%E5%8E%9F%E8%B6%B3%E7%90%83%E5%A0%B4%20%E8%87%BA%E4%B8%AD%E5%B8%82%E5%8C%97%E5%B1%AF%E5%8D%80%E5%BB%BA%E8%BB%8D%E4%B8%80%E8%A1%976-8%E8%99%9F,公車20、246、81至「澄清/弘光醫院（太原路）」；台鐵太原站約2.2公里（台中藍鯨官網）｜公車20、246至「弘光復健醫院」（iPlay）,廣停5祥和停車場（建和路一段9號，593格）（台中藍鯨官網）｜iPlay登錄「無停車場」,iPlay登錄無無障礙設施（2021年存檔資料）,400 | 20000,人工草,國立臺灣體育運動大學,https://www.ctfa.com.tw/2026-a/playground/67/64.html | https://www.tcbw2014.com/比賽球場 | https://web.archive.org/web/20211017123046/https:/iplay.sa.gov.tw/GymInfo/Index/25243 | https://futurofootball.wixsite.com/home/post/futuro-成人隊甄選通知,2026-10-03,medium,容量衝突：台中藍鯨（女足木蘭聯賽球隊）官網寫400席；體育署iPlay存檔寫一般觀眾席20000席（明顯不合理，疑誤植）。先前研究曾見500、600的說法，本次未重新取得可引用來源，未列入。iPlay官網從box連線失敗，以web.archive.org 2021存檔代替，資料可能過時。停車資訊兩來源不同（附近公有停車場 vs 場館本身無停車場）。管理單位依台中藍鯨官網。Futuro舊Wix貼文亦記此地址。座標查無可靠來源。google_maps_url為依名稱＋地址組成的Google地圖搜尋連結，非人工核對過的定位點。
南屯人工草皮練習場,,臺中市南屯區益豐路三段,,,,https://www.google.com/maps/search/?api=1&query=%E5%8D%97%E5%B1%AF%E4%BA%BA%E5%B7%A5%E8%8D%89%E7%9A%AE%E7%B7%B4%E7%BF%92%E5%A0%B4%20%E8%87%BA%E4%B8%AD%E5%B8%82%E5%8D%97%E5%B1%AF%E5%8D%80%E7%9B%8A%E8%B1%90%E8%B7%AF%E4%B8%89%E6%AE%B5,,,,,人工草（依名稱）,,https://www.ctfa.com.tw/2026-a/playground/67/78.html,2026-10-03,high,CTFA場地頁只有地址（無門牌）。屬臺中市足球運動休閒園區（龍富九路、益豐路三段，委外營運），依運動局網頁存檔（先前蒐集，網址未保留，待補）。surface僅依場地名稱「人工草皮」推知。容量、交通、停車、無障礙、管理單位查無資料。2026/27僅第10輪（12/13 FUTURO v 台灣電力）排於此。google_maps_url為依名稱＋地址組成的Google地圖搜尋連結，非人工核對過的定位點。
楠梓足球場,,高雄市楠梓區高雄大學路及援中路口,,,,https://www.google.com/maps/search/?api=1&query=%E6%A5%A0%E6%A2%93%E8%B6%B3%E7%90%83%E5%A0%B4%20%E9%AB%98%E9%9B%84%E5%B8%82%E6%A5%A0%E6%A2%93%E5%8D%80,公共自行車站「楠梓文中足球場」（維基百科線索）,設有停車場（高雄市自治法規）；收費資訊查無,,1200（另臨時席3000）,人工草與天然草球場各一,高雄市政府運動發展局（委外營運：柏文健康事業，維基百科線索）,https://www.ctfa.com.tw/2026-a/playground/67/56.html | https://outlaw.kcg.gov.tw/LawContent.aspx?id=GL001973 | https://zh.wikipedia.org/wiki/楠梓足球場,2026-10-03,low,台灣電力、高雄先鋒主場。CTFA場地頁無詳細資料。高雄市法規確認主管機關為運動發展局並列出人工草球場、天然草球場、停車場、觀眾席；地址、容量、委外廠商僅見維基百科（線索），需原始來源確認。無障礙查無資料。座標查無可靠來源。google_maps_url為依名稱＋地址組成的Google地圖搜尋連結，非人工核對過的定位點。
台南市立足球場,,台南市南區體育路10號,,,,https://www.google.com/maps/search/?api=1&query=%E5%8F%B0%E5%8D%97%E5%B8%82%E7%AB%8B%E8%B6%B3%E7%90%83%E5%A0%B4%20%E5%8F%B0%E5%8D%97%E5%B8%82%E5%8D%97%E5%8D%80%E9%AB%94%E8%82%B2%E8%B7%AF10%E8%99%9F,,,,2000,,,https://www.ctfa.com.tw/2026-a/playground/67/10.html,2026-10-03,high,南市台鋼主場。CTFA記別名「永華足球場」、iPlay編號5344。交通、停車、無障礙、草皮、管理單位查無資料（CTFA未列）。座標查無可靠來源。google_maps_url為依名稱＋地址組成的Google地圖搜尋連結，非人工核對過的定位點。
輔仁大學足球場,,新北市新莊區中正路510號,,,,https://www.google.com/maps/search/?api=1&query=%E8%BC%94%E4%BB%81%E5%A4%A7%E5%AD%B8%E8%B6%B3%E7%90%83%E5%A0%B4%20%E6%96%B0%E5%8C%97%E5%B8%82%E6%96%B0%E8%8E%8A%E5%8D%80%E4%B8%AD%E6%AD%A3%E8%B7%AF510%E8%99%9F,,,,5000 | 3000,,,https://www.ctfa.com.tw/2026-a/playground/67/13.html | https://zh.wikipedia.org/wiki/輔仁大學足球場,2026-10-03,high,"新北航源主場，大同石虎部分主場。容量衝突：CTFA寫5000，維基百科寫3000。交通、停車、無障礙、草皮、管理單位查無資料。座標：OSM只能定位到輔仁大學校區（25.03565,121.43246），非球場本身，未填。google_maps_url為依名稱＋地址組成的Google地圖搜尋連結，非人工核對過的定位點。"
汐止綜合運動場,,221新北市汐止區秀峰里忠孝東路9號,,25.06537,121.65842,https://www.google.com/maps/search/?api=1&query=%E6%B1%90%E6%AD%A2%E7%B6%9C%E5%90%88%E9%81%8B%E5%8B%95%E5%A0%B4%20%E6%96%B0%E5%8C%97%E5%B8%82%E6%B1%90%E6%AD%A2%E5%8D%80%E5%BF%A0%E5%AD%9D%E6%9D%B1%E8%B7%AF9%E8%99%9F,汐止火車站西出口步行約5分鐘；公車605（新台五線）、675、678、907、藍15、內科通勤專車7、1031、F901、F905、F906、F912A、F912B、F915；低地板公車605、藍15,智興立體停車場（404格，每小時30元）；汐止國民運動中心停車場（96格，每小時30元）,,600 | 466,人工草（FIFA Quality）,,https://www.ctfa.com.tw/2026-a/playground/67/76.html | https://actaipei.com/homestadium/ | https://nominatim.openstreetmap.org/search?format=json&q=汐止綜合運動場,2026-10-03,high,陽信北競主場。資料取自陽信北競官網主場頁。容量衝突：官網600席，維基百科466席。座標為OpenStreetMap（way 258875369，地址為忠孝東路9號）比對結果，信心low，需人工核對。無障礙僅知低地板公車路線，場內設施查無。管理單位查無。google_maps_url為依名稱＋地址組成的Google地圖搜尋連結，非人工核對過的定位點。
臺北田徑場,,10549臺北市松山區敦化北路3號,,25.04958,121.55173,https://www.google.com/maps/search/?api=1&query=%E8%87%BA%E5%8C%97%E7%94%B0%E5%BE%91%E5%A0%B4%20%E8%87%BA%E5%8C%97%E5%B8%82%E6%9D%BE%E5%B1%B1%E5%8D%80%E6%95%A6%E5%8C%96%E5%8C%97%E8%B7%AF3%E8%99%9F,,,,20000,,,https://www.ctfa.com.tw/2026-a/playground/67/1.html | https://sports.gov.taipei/News_Content.aspx?n=6F5757A472ED16DE&sms=717FEDE29CB5007C&s=2413B5D3D0BB08F8 | https://nominatim.openstreetmap.org/search?format=json&q=臺北田徑場,2026-10-03,high,大同石虎部分主場、新北航源1場主場。CTFA場地頁提供地址、容量與場館網址。座標為OpenStreetMap（relation 7369202）比對結果，信心low。交通、停車、無障礙、草皮、管理單位未在本次來源中取得（CTFA所附場館網址位於臺北市政府體育局網域，管理單位待確認）。google_maps_url為依名稱＋地址組成的Google地圖搜尋連結，非人工核對過的定位點。
新竹縣第二運動場,,竹北市莊敬一路2號,,,,https://www.google.com/maps/search/?api=1&query=%E6%96%B0%E7%AB%B9%E7%B8%A3%E7%AC%AC%E4%BA%8C%E9%81%8B%E5%8B%95%E5%A0%B4%20%E7%AB%B9%E5%8C%97%E5%B8%82%E8%8E%8A%E6%95%AC%E4%B8%80%E8%B7%AF2%E8%99%9F,,,,2500,,,https://www.ctfa.com.tw/2026-a/playground/67/17.html | https://www.ctfa.com.tw/latest-news/ctfa-announcement/2021-03-31-07-53-40/8487-2026270922001.html,2026-10-03,high,JoomLeague賽程原排大同石虎第9、23場於此；CTFA公告8487已改到輔仁大學足球場。目前2026/27可能已無賽事在此，保留供參考。其餘欄位查無資料。google_maps_url為依名稱＋地址組成的Google地圖搜尋連結，非人工核對過的定位點。
