round,date,kickoff,home,away,venue,status,home_score,away_score,competition,match_no,source_url,retrieved_at,confidence,notes
1,2026-09-13,19:00,台中FUTURO,大同石虎,台中西屯足球場,completed,0,1,台企甲 2026/27,2,https://www.ctfa.com.tw/2026-a/teamplan/67-tfpl2026/252-futuro.html | https://www.ctfa.com.tw/2026-a | https://www.ctfa.com.tw/attachments/article/8423/2026-27企甲賽程0922.pdf,2026-10-03,high,CTFA場次編號#2。輪次取自CTFA官方賽程PDF的「周次」（JoomLeague頁面的「比賽日」欄每場都誤顯示Round 1）。比分取自CTFA賽程頁。CTFA賽程PDF寫「西屯足球場」，JoomLeague寫「台中西屯足球場」。截至查詢日，CTFA異動公告（8474、8487）未涉及FUTURO場次。
2,2026-09-20,19:30,台中FUTURO,高雄先鋒,台中西屯足球場,completed,0,2,台企甲 2026/27,7,https://www.ctfa.com.tw/2026-a/teamplan/67-tfpl2026/252-futuro.html | https://www.ctfa.com.tw/2026-a | https://www.ctfa.com.tw/attachments/article/8423/2026-27企甲賽程0922.pdf,2026-10-03,high,CTFA場次編號#7。輪次取自CTFA官方賽程PDF的「周次」（JoomLeague頁面的「比賽日」欄每場都誤顯示Round 1）。比分取自CTFA賽程頁。CTFA賽程PDF寫「西屯足球場」，JoomLeague寫「台中西屯足球場」。截至查詢日，CTFA異動公告（8474、8487）未涉及FUTURO場次。
3,2026-10-11,15:30,台灣電力,台中FUTURO,楠梓足球場,scheduled,,,台企甲 2026/27,11,https://www.ctfa.com.tw/2026-a/teamplan/67-tfpl2026/252-futuro.html | https://www.ctfa.com.tw/2026-a | https://www.ctfa.com.tw/attachments/article/8423/2026-27企甲賽程0922.pdf,2026-10-03,high,CTFA場次編號#11。輪次取自CTFA官方賽程PDF的「周次」（JoomLeague頁面的「比賽日」欄每場都誤顯示Round 1）。截至查詢日，CTFA異動公告（8474、8487）未涉及FUTURO場次。
4,2026-10-18,16:00,台中FUTURO,陽信北競,太原足球場,scheduled,,,台企甲 2026/27,14,https://www.ctfa.com.tw/2026-a/teamplan/67-tfpl2026/252-futuro.html | https://www.ctfa.com.tw/2026-a | https://www.ctfa.com.tw/attachments/article/8423/2026-27企甲賽程0922.pdf,2026-10-03,high,CTFA場次編號#14。輪次取自CTFA官方賽程PDF的「周次」（JoomLeague頁面的「比賽日」欄每場都誤顯示Round 1）。截至查詢日，CTFA異動公告（8474、8487）未涉及FUTURO場次。
5,2026-10-25,19:00,台中磐石,台中FUTURO,台中西屯足球場,scheduled,,,台企甲 2026/27,20,https://www.ctfa.com.tw/2026-a/teamplan/67-tfpl2026/252-futuro.html | https://www.ctfa.com.tw/2026-a | https://www.ctfa.com.tw/attachments/article/8423/2026-27企甲賽程0922.pdf,2026-10-03,high,CTFA場次編號#20。輪次取自CTFA官方賽程PDF的「周次」（JoomLeague頁面的「比賽日」欄每場都誤顯示Round 1）。CTFA賽程PDF寫「西屯足球場」，JoomLeague寫「台中西屯足球場」。截至查詢日，CTFA異動公告（8474、8487）未涉及FUTURO場次。
6,2026-11-01,18:30,南市台鋼,台中FUTURO,台南市立足球場,scheduled,,,台企甲 2026/27,21,https://www.ctfa.com.tw/2026-a/teamplan/67-tfpl2026/252-futuro.html | https://www.ctfa.com.tw/2026-a | https://www.ctfa.com.tw/attachments/article/8423/2026-27企甲賽程0922.pdf,2026-10-03,high,CTFA場次編號#21。輪次取自CTFA官方賽程PDF的「周次」（JoomLeague頁面的「比賽日」欄每場都誤顯示Round 1）。截至查詢日，CTFA異動公告（8474、8487）未涉及FUTURO場次。
7,2026-11-22,15:30,台中FUTURO,新北航源,太原足球場,scheduled,,,台企甲 2026/27,28,https://www.ctfa.com.tw/2026-a/teamplan/67-tfpl2026/252-futuro.html | https://www.ctfa.com.tw/2026-a | https://www.ctfa.com.tw/attachments/article/8423/2026-27企甲賽程0922.pdf,2026-10-03,high,CTFA場次編號#28。輪次取自CTFA官方賽程PDF的「周次」（JoomLeague頁面的「比賽日」欄每場都誤顯示Round 1）。截至查詢日，CTFA異動公告（8474、8487）未涉及FUTURO場次。
8,2026-11-29,16:00,台中FUTURO,大同石虎,台中西屯足球場,scheduled,,,台企甲 2026/27,30,https://www.ctfa.com.tw/2026-a/teamplan/67-tfpl2026/252-futuro.html | https://www.ctfa.com.tw/2026-a | https://www.ctfa.com.tw/attachments/article/8423/2026-27企甲賽程0922.pdf,2026-10-03,high,CTFA場次編號#30。輪次取自CTFA官方賽程PDF的「周次」（JoomLeague頁面的「比賽日」欄每場都誤顯示Round 1）。CTFA賽程PDF寫「西屯足球場」，JoomLeague寫「台中西屯足球場」。截至查詢日，CTFA異動公告（8474、8487）未涉及FUTURO場次。
9,2026-12-06,19:00,高雄先鋒,台中FUTURO,楠梓足球場,scheduled,,,台企甲 2026/27,35,https://www.ctfa.com.tw/2026-a/teamplan/67-tfpl2026/252-futuro.html | https://www.ctfa.com.tw/2026-a | https://www.ctfa.com.tw/attachments/article/8423/2026-27企甲賽程0922.pdf,2026-10-03,high,CTFA場次編號#35。輪次取自CTFA官方賽程PDF的「周次」（JoomLeague頁面的「比賽日」欄每場都誤顯示Round 1）。截至查詢日，CTFA異動公告（8474、8487）未涉及FUTURO場次。
10,2026-12-13,16:00,台中FUTURO,台灣電力,南屯人工草皮練習場,scheduled,,,台企甲 2026/27,39,https://www.ctfa.com.tw/2026-a/teamplan/67-tfpl2026/252-futuro.html | https://www.ctfa.com.tw/2026-a | https://www.ctfa.com.tw/attachments/article/8423/2026-27企甲賽程0922.pdf,2026-10-03,high,CTFA場次編號#39。輪次取自CTFA官方賽程PDF的「周次」（JoomLeague頁面的「比賽日」欄每場都誤顯示Round 1）。唯一排在南屯人工草皮練習場的主場，建議向球團確認。截至查詢日，CTFA異動公告（8474、8487）未涉及FUTURO場次。
11,2027-01-24,19:00,台中FUTURO,陽信北競,台中西屯足球場,scheduled,,,台企甲 2026/27,42,https://www.ctfa.com.tw/2026-a/teamplan/67-tfpl2026/252-futuro.html | https://www.ctfa.com.tw/2026-a | https://www.ctfa.com.tw/attachments/article/8423/2026-27企甲賽程0922.pdf,2026-10-03,high,CTFA場次編號#42。輪次取自CTFA官方賽程PDF的「周次」（JoomLeague頁面的「比賽日」欄每場都誤顯示Round 1）。CTFA賽程PDF寫「西屯足球場」，JoomLeague寫「台中西屯足球場」。截至查詢日，CTFA異動公告（8474、8487）未涉及FUTURO場次。
12,2027-01-31,19:00,台中FUTURO,台中磐石,台中西屯足球場,scheduled,,,台企甲 2026/27,48,https://www.ctfa.com.tw/2026-a/teamplan/67-tfpl2026/252-futuro.html | https://www.ctfa.com.tw/2026-a | https://www.ctfa.com.tw/attachments/article/8423/2026-27企甲賽程0922.pdf,2026-10-03,high,CTFA場次編號#48。輪次取自CTFA官方賽程PDF的「周次」（JoomLeague頁面的「比賽日」欄每場都誤顯示Round 1）。CTFA賽程PDF寫「西屯足球場」，JoomLeague寫「台中西屯足球場」。截至查詢日，CTFA異動公告（8474、8487）未涉及FUTURO場次。
13,2027-02-21,16:00,台中FUTURO,南市台鋼,台中西屯足球場,scheduled,,,台企甲 2026/27,49,https://www.ctfa.com.tw/2026-a/teamplan/67-tfpl2026/252-futuro.html | https://www.ctfa.com.tw/2026-a | https://www.ctfa.com.tw/attachments/article/8423/2026-27企甲賽程0922.pdf,2026-10-03,high,CTFA場次編號#49。輪次取自CTFA官方賽程PDF的「周次」（JoomLeague頁面的「比賽日」欄每場都誤顯示Round 1）。CTFA賽程PDF寫「西屯足球場」，JoomLeague寫「台中西屯足球場」。截至查詢日，CTFA異動公告（8474、8487）未涉及FUTURO場次。
14,2027-02-28,19:00,新北航源,台中FUTURO,輔仁大學足球場,scheduled,,,台企甲 2026/27,56,https://www.ctfa.com.tw/2026-a/teamplan/67-tfpl2026/252-futuro.html | https://www.ctfa.com.tw/2026-a | https://www.ctfa.com.tw/attachments/article/8423/2026-27企甲賽程0922.pdf,2026-10-03,high,CTFA場次編號#56。輪次取自CTFA官方賽程PDF的「周次」（JoomLeague頁面的「比賽日」欄每場都誤顯示Round 1）。截至查詢日，CTFA異動公告（8474、8487）未涉及FUTURO場次。
15,2027-03-07,16:00,大同石虎,台中FUTURO,輔仁大學足球場,scheduled,,,台企甲 2026/27,58,https://www.ctfa.com.tw/2026-a/teamplan/67-tfpl2026/252-futuro.html | https://www.ctfa.com.tw/2026-a | https://www.ctfa.com.tw/attachments/article/8423/2026-27企甲賽程0922.pdf,2026-10-03,high,CTFA場次編號#58。輪次取自CTFA官方賽程PDF的「周次」（JoomLeague頁面的「比賽日」欄每場都誤顯示Round 1）。截至查詢日，CTFA異動公告（8474、8487）未涉及FUTURO場次。
16,2027-03-14,19:00,台中FUTURO,高雄先鋒,台中西屯足球場,scheduled,,,台企甲 2026/27,63,https://www.ctfa.com.tw/2026-a/teamplan/67-tfpl2026/252-futuro.html | https://www.ctfa.com.tw/2026-a | https://www.ctfa.com.tw/attachments/article/8423/2026-27企甲賽程0922.pdf,2026-10-03,high,CTFA場次編號#63。輪次取自CTFA官方賽程PDF的「周次」（JoomLeague頁面的「比賽日」欄每場都誤顯示Round 1）。CTFA賽程PDF寫「西屯足球場」，JoomLeague寫「台中西屯足球場」。截至查詢日，CTFA異動公告（8474、8487）未涉及FUTURO場次。
17,2027-03-21,19:00,台灣電力,台中FUTURO,楠梓足球場,scheduled,,,台企甲 2026/27,67,https://www.ctfa.com.tw/2026-a/teamplan/67-tfpl2026/252-futuro.html | https://www.ctfa.com.tw/2026-a | https://www.ctfa.com.tw/attachments/article/8423/2026-27企甲賽程0922.pdf,2026-10-03,high,CTFA場次編號#67。輪次取自CTFA官方賽程PDF的「周次」（JoomLeague頁面的「比賽日」欄每場都誤顯示Round 1）。截至查詢日，CTFA異動公告（8474、8487）未涉及FUTURO場次。
18,2027-04-11,16:00,陽信北競,台中FUTURO,汐止綜合運動場,scheduled,,,台企甲 2026/27,70,https://www.ctfa.com.tw/2026-a/teamplan/67-tfpl2026/252-futuro.html | https://www.ctfa.com.tw/2026-a | https://www.ctfa.com.tw/attachments/article/8423/2026-27企甲賽程0922.pdf,2026-10-03,high,CTFA場次編號#70。輪次取自CTFA官方賽程PDF的「周次」（JoomLeague頁面的「比賽日」欄每場都誤顯示Round 1）。截至查詢日，CTFA異動公告（8474、8487）未涉及FUTURO場次。
19,2027-04-18,19:00,台中磐石,台中FUTURO,台中西屯足球場,scheduled,,,台企甲 2026/27,76,https://www.ctfa.com.tw/2026-a/teamplan/67-tfpl2026/252-futuro.html | https://www.ctfa.com.tw/2026-a | https://www.ctfa.com.tw/attachments/article/8423/2026-27企甲賽程0922.pdf,2026-10-03,high,CTFA場次編號#76。輪次取自CTFA官方賽程PDF的「周次」（JoomLeague頁面的「比賽日」欄每場都誤顯示Round 1）。CTFA賽程PDF寫「西屯足球場」，JoomLeague寫「台中西屯足球場」。截至查詢日，CTFA異動公告（8474、8487）未涉及FUTURO場次。
20,2027-04-25,18:30,南市台鋼,台中FUTURO,台南市立足球場,scheduled,,,台企甲 2026/27,77,https://www.ctfa.com.tw/2026-a/teamplan/67-tfpl2026/252-futuro.html | https://www.ctfa.com.tw/2026-a | https://www.ctfa.com.tw/attachments/article/8423/2026-27企甲賽程0922.pdf,2026-10-03,high,CTFA場次編號#77。輪次取自CTFA官方賽程PDF的「周次」（JoomLeague頁面的「比賽日」欄每場都誤顯示Round 1）。截至查詢日，CTFA異動公告（8474、8487）未涉及FUTURO場次。
21,2027-05-02,19:30,台中FUTURO,新北航源,台中西屯足球場,scheduled,,,台企甲 2026/27,84,https://www.ctfa.com.tw/2026-a/teamplan/67-tfpl2026/252-futuro.html | https://www.ctfa.com.tw/2026-a | https://www.ctfa.com.tw/attachments/article/8423/2026-27企甲賽程0922.pdf,2026-10-03,high,CTFA場次編號#84。輪次取自CTFA官方賽程PDF的「周次」（JoomLeague頁面的「比賽日」欄每場都誤顯示Round 1）。CTFA賽程PDF寫「西屯足球場」，JoomLeague寫「台中西屯足球場」。截至查詢日，CTFA異動公告（8474、8487）未涉及FUTURO場次。
