after_round,position,club,played,won,drawn,lost,goals_for,goals_against,points,source_url,retrieved_at,confidence,notes
1,1,高雄先鋒,1,1,0,0,5,2,3,https://www.ctfa.com.tw/2026-a | https://www.ctfa.com.tw/2026-a/teamplan/67-tfpl2026/252-futuro.html,2026-10-03,medium,CTFA未公布第1輪後積分榜；本表依CTFA第1輪四場比分（台電1-0陽信、航源1-1台鋼、FUTURO 0-1大同、先鋒5-2磐石）自行計算，非官方。維基百科線索把FUTURO列第6。
1,2,台灣電力,1,1,0,0,1,0,3,https://www.ctfa.com.tw/2026-a | https://www.ctfa.com.tw/2026-a/teamplan/67-tfpl2026/252-futuro.html,2026-10-03,medium,CTFA未公布第1輪後積分榜；本表依CTFA第1輪四場比分（台電1-0陽信、航源1-1台鋼、FUTURO 0-1大同、先鋒5-2磐石）自行計算，非官方。與大同石虎同分、同淨勝球、同進球且未交手，並列第2（公平競賽分數未公開，無法再區分）。維基百科線索把FUTURO列第6。
1,2,大同石虎,1,1,0,0,1,0,3,https://www.ctfa.com.tw/2026-a | https://www.ctfa.com.tw/2026-a/teamplan/67-tfpl2026/252-futuro.html,2026-10-03,medium,CTFA未公布第1輪後積分榜；本表依CTFA第1輪四場比分（台電1-0陽信、航源1-1台鋼、FUTURO 0-1大同、先鋒5-2磐石）自行計算，非官方。與台灣電力並列第2（公平競賽分數未公開，無法再區分）。維基百科線索把FUTURO列第6。
1,4,新北航源,1,0,1,0,1,1,1,https://www.ctfa.com.tw/2026-a | https://www.ctfa.com.tw/2026-a/teamplan/67-tfpl2026/252-futuro.html,2026-10-03,medium,CTFA未公布第1輪後積分榜；本表依CTFA第1輪四場比分（台電1-0陽信、航源1-1台鋼、FUTURO 0-1大同、先鋒5-2磐石）自行計算，非官方。與南市台鋼互和，所有排名條件相同，並列第4（公平競賽分數未公開，無法再區分）。維基百科線索把FUTURO列第6。
1,4,南市台鋼,1,0,1,0,1,1,1,https://www.ctfa.com.tw/2026-a | https://www.ctfa.com.tw/2026-a/teamplan/67-tfpl2026/252-futuro.html,2026-10-03,medium,CTFA未公布第1輪後積分榜；本表依CTFA第1輪四場比分（台電1-0陽信、航源1-1台鋼、FUTURO 0-1大同、先鋒5-2磐石）自行計算，非官方。與新北航源並列第4（公平競賽分數未公開，無法再區分）。維基百科線索把FUTURO列第6。
1,6,陽信北競,1,0,0,1,0,1,0,https://www.ctfa.com.tw/2026-a | https://www.ctfa.com.tw/2026-a/teamplan/67-tfpl2026/252-futuro.html,2026-10-03,medium,CTFA未公布第1輪後積分榜；本表依CTFA第1輪四場比分（台電1-0陽信、航源1-1台鋼、FUTURO 0-1大同、先鋒5-2磐石）自行計算，非官方。與台中FUTURO同分、同淨勝球、同進球且未交手，並列第6（公平競賽分數未公開，無法再區分）。維基百科線索把FUTURO列第6。
1,6,台中FUTURO,1,0,0,1,0,1,0,https://www.ctfa.com.tw/2026-a | https://www.ctfa.com.tw/2026-a/teamplan/67-tfpl2026/252-futuro.html,2026-10-03,medium,CTFA未公布第1輪後積分榜；本表依CTFA第1輪四場比分（台電1-0陽信、航源1-1台鋼、FUTURO 0-1大同、先鋒5-2磐石）自行計算，非官方。與陽信北競並列第6（公平競賽分數未公開，無法再區分）。維基百科線索把FUTURO列第6。
1,8,台中磐石,1,0,0,1,2,5,0,https://www.ctfa.com.tw/2026-a | https://www.ctfa.com.tw/2026-a/teamplan/67-tfpl2026/252-futuro.html,2026-10-03,medium,CTFA未公布第1輪後積分榜；本表依CTFA第1輪四場比分（台電1-0陽信、航源1-1台鋼、FUTURO 0-1大同、先鋒5-2磐石）自行計算，非官方。維基百科線索把FUTURO列第6。
2,1,高雄先鋒,2,2,0,0,7,2,6,https://www.ctfa.com.tw/2026-a/ranking/67-tfpl2026/0.html,2026-10-03,high,CTFA官方排名頁（截至查詢日只賽完2輪）。
2,2,台灣電力,2,2,0,0,4,1,6,https://www.ctfa.com.tw/2026-a/ranking/67-tfpl2026/0.html,2026-10-03,high,CTFA官方排名頁（截至查詢日只賽完2輪）。
2,3,大同石虎,2,1,1,0,1,0,4,https://www.ctfa.com.tw/2026-a/ranking/67-tfpl2026/0.html,2026-10-03,high,CTFA官方排名頁（截至查詢日只賽完2輪）。
2,4,陽信北競,2,1,0,1,2,1,3,https://www.ctfa.com.tw/2026-a/ranking/67-tfpl2026/0.html,2026-10-03,high,CTFA官方排名頁（截至查詢日只賽完2輪）。
2,5,新北航源,2,0,2,0,1,1,2,https://www.ctfa.com.tw/2026-a/ranking/67-tfpl2026/0.html,2026-10-03,high,CTFA官方排名頁（截至查詢日只賽完2輪）。
2,6,南市台鋼,2,0,1,1,1,3,1,https://www.ctfa.com.tw/2026-a/ranking/67-tfpl2026/0.html,2026-10-03,high,CTFA官方排名頁（截至查詢日只賽完2輪）。
2,7,台中FUTURO,2,0,0,2,0,3,0,https://www.ctfa.com.tw/2026-a/ranking/67-tfpl2026/0.html,2026-10-03,high,CTFA官方排名頁（截至查詢日只賽完2輪）。
2,8,台中磐石,2,0,0,2,3,8,0,https://www.ctfa.com.tw/2026-a/ranking/67-tfpl2026/0.html,2026-10-03,high,CTFA官方排名頁（截至查詢日只賽完2輪）。
