season,name_zh,name_en,organizer,kind,final_result,source_url,retrieved_at,confidence,notes
2019,2019台灣企業甲級足球聯賽資格賽,,CTFA,league,取得2019年台企甲參賽資格（首戰2018-12-01以3-0勝銘傳大學）,https://futurofootball.wixsite.com/home/post/2019企甲聯賽資格賽-取得首戰勝利 | https://www.ctfa.com.tw/taiwan-league/tfpl-ranking/ranking/22.html,2026-10-03,medium,資格賽首戰比分取自球團舊Wix官網；「通過資格賽」是由FUTURO出現在CTFA 2019年排名推知，未找到CTFA資格賽完整成績頁。
2019,台灣企業甲級足球聯賽,Taiwan Football Premier League,CTFA,league,第5名（8勝4和9負，28分）,https://www.ctfa.com.tw/taiwan-league/tfpl-ranking/ranking/22.html,2026-10-03,high,首季。name_en取自CTFA 2026/27競賽規程附件四英文標題「Taiwan Football Premier League」。
2020,台灣企業甲級足球聯賽,Taiwan Football Premier League,CTFA,league,第3名（12勝3和6負，39分）,https://www.ctfa.com.tw/taiwan-league/tfpl-ranking/ranking/23.html,2026-10-03,high,該季冠名「華南銀行」。name_en取自CTFA 2026/27競賽規程附件四英文標題「Taiwan Football Premier League」。
2021,台灣企業甲級足球聯賽,Taiwan Football Premier League,CTFA,league,第3名（8勝2和4負，26分，14場）,https://www.ctfa.com.tw/taiwan-league/tfpl-ranking/ranking/33.html,2026-10-03,high,name_en取自CTFA 2026/27競賽規程附件四英文標題「Taiwan Football Premier League」。
2022,台灣企業甲級足球聯賽,Taiwan Football Premier League,CTFA,league,亞軍（10勝7和1負，37分，進36失11）,https://www.ctfa.com.tw/taiwan-league/tfpl-ranking/ranking/43.html,2026-10-03,high,冠軍南市台鋼38分。name_en取自CTFA 2026/27競賽規程附件四英文標題「Taiwan Football Premier League」。
2023,台灣企業甲級足球聯賽,Taiwan Football Premier League,CTFA,league,第5名（8勝4和9負，28分）,https://www.ctfa.com.tw/taiwan-league/tfpl-ranking/ranking/48.html,2026-10-03,high,name_en取自CTFA 2026/27競賽規程附件四英文標題「Taiwan Football Premier League」。
2023/24,亞足聯盃,AFC Cup,AFC,continental,跨區準決賽出局（附加賽2-1勝澳門Monte Carlo；I組第1名12分；跨區準決賽兩回合合計1-8負吉爾吉斯Abdysh-Ata Kant）,https://www.the-afc.com/en/club/afc_cup/news/playoff_monte_carlo_mac_1-2_taichung_futuro_fc_tpe_1.html | https://www.the-afc.com/en/club/afc_cup/news/group_i__ulaanbaatar_inflict_a_blow_to_taichung_futuros_hopes_1.html | https://www.the-afc.com/en/club/afc_cup/news/taichung_futuro_fc_tpe_v_fk_abdysh-ata_kant_kgz__2.html,2026-10-03,high,中文名「亞足聯盃」為常用譯名，非官方中文名。AFC官網：2023-08-23附加賽客場勝Monte Carlo 2-1；I組末輪2023-12-14 1-2負FC Ulaanbaatar，但以對戰淨勝球優於同為12分的FC Ulaanbaatar，以小組第1晉級；跨區準決賽0-5（客）、1-3（主，2024-03-13，楠梓），合計1-8。
2024,台灣企業甲級足球聯賽,Taiwan Football Premier League,CTFA,league,亞軍（13勝4和4負，43分）,https://www.ctfa.com.tw/taiwan-league/tfpl-ranking/ranking/52.html | https://www.ctfa.com.tw/taiwan-league/tfpl-ranking/teaminfo/52-2024a/77-futuro.html,2026-10-03,high,原清單未列，新增。name_en取自CTFA 2026/27競賽規程附件四英文標題「Taiwan Football Premier League」。
2025,全國總統盃足球賽,,CTFA,cup,第3名,https://www.ctfa.com.tw/latest-news/ctfa-announcement/president-cup/7685-22255.html,2026-10-03,high,CTFA最終成績公告為第3名（冠軍南市台鋼藍）。CTFA JoomLeague球隊頁顯示名次1，判斷為分組賽排名，兩者並列供核對。賽事中文名稱以CTFA公告為準；官方英文名查無。其他年度總統盃參賽紀錄未查到。
2025/26,亞足聯挑戰聯賽,AFC Challenge League,AFC,continental,資格賽（Preliminary Stage）出局：2025-08-12於烏蘭巴托1-3負SP Falcons,https://www.the-afc.com/en/club/afc_challenge_league.html/news/ps-sp-falcons-mng-3-1-taichung-futuro-fc-tpe,2026-10-03,high,中文名為常用譯名，非官方中文名。
2025/26,台灣企業甲級足球聯賽,Taiwan Football Premier League,CTFA,league,第4名（11勝1和9負，34分，進34失22）,https://www.ctfa.com.tw/2026-a/ranking/65-tfpl2025/0.html,2026-10-03,high,name_en取自CTFA 2026/27競賽規程附件四英文標題「Taiwan Football Premier League」。
2026/27,台灣企業甲級足球聯賽,Taiwan Football Premier League,CTFA,league,進行中（2輪後第7名，0分）,https://www.ctfa.com.tw/2026-a/ranking/67-tfpl2026/0.html,2026-10-03,high,name_en取自CTFA 2026/27競賽規程附件四英文標題「Taiwan Football Premier League」。
